{"cameraMode":{"drawMode":0,"name":"Shaded","section":"Shading Mode"},"sceneLighting":true,"audioPlay":false,"sceneViewState":{"showFog":true,"showMaterialUpdate":false,"showSkybox":true,"showFlares":true,"showImageEffects":true,"showParticleSystems":true},"in2DMode":false,"pivot":{"x":862.8448486328125,"y":455.1214294433594,"z":421.01629638671877},"rotation":{"x":0.162037193775177,"y":-0.7829328179359436,"z":0.2283703088760376,"w":0.5555299520492554},"size":7.40452766418457,"orthographic":false}