{"cameraMode":{"drawMode":0,"name":"Shaded","section":"Shading Mode"},"sceneLighting":true,"audioPlay":false,"sceneViewState":{"showFog":true,"showMaterialUpdate":false,"showSkybox":true,"showFlares":true,"showImageEffects":true,"showParticleSystems":true},"in2DMode":false,"pivot":{"x":-91.09898376464844,"y":13.14799976348877,"z":45.17937088012695},"rotation":{"x":-0.17930950224399568,"y":-0.11305250227451325,"z":0.020746782422065736,"w":-0.977057695388794},"size":-5.373499393463135,"orthographic":false}