{"cameraMode":{"drawMode":0,"name":"Shaded","section":"Shading Mode"},"sceneLighting":true,"audioPlay":false,"sceneViewState":{"showFog":true,"showMaterialUpdate":false,"showSkybox":true,"showFlares":true,"showImageEffects":true,"showParticleSystems":true},"in2DMode":false,"pivot":{"x":-88.63391876220703,"y":13.168487548828125,"z":41.119510650634769},"rotation":{"x":0.21205471456050874,"y":-0.08489975333213806,"z":0.018493924289941789,"w":0.9733895063400269},"size":14.813365936279297,"orthographic":false}