{"cameraMode":{"drawMode":0,"name":"Shaded","section":"Shading Mode"},"sceneLighting":true,"audioPlay":false,"sceneViewState":{"showFog":true,"showMaterialUpdate":false,"showSkybox":true,"showFlares":true,"showImageEffects":true,"showParticleSystems":true},"in2DMode":false,"pivot":{"x":867.4778442382813,"y":459.24871826171877,"z":436.3521728515625},"rotation":{"x":-0.007283338811248541,"y":0.9919212460517883,"z":-0.06736507266759873,"w":-0.10724396258592606},"size":4.08466911315918,"orthographic":false}