{"cameraMode":{"drawMode":0,"name":"Shaded","section":"Shading Mode"},"sceneLighting":true,"audioPlay":false,"sceneViewState":{"showFog":true,"showMaterialUpdate":false,"showSkybox":true,"showFlares":true,"showImageEffects":true,"showParticleSystems":true},"in2DMode":false,"pivot":{"x":862.9000244140625,"y":60.93000793457031,"z":0.0},"rotation":{"x":0.0003464315377641469,"y":0.99940025806427,"z":-0.032992180436849597,"w":0.010494090616703034},"size":93.10116577148438,"orthographic":false}