{"cameraMode":{"drawMode":0,"name":"Shaded","section":"Shading Mode"},"sceneLighting":false,"audioPlay":false,"sceneViewState":{"showFog":true,"showMaterialUpdate":false,"showSkybox":false,"showFlares":true,"showImageEffects":true,"showParticleSystems":true},"in2DMode":false,"pivot":{"x":0.6125335693359375,"y":9.617521286010743,"z":0.0836181640625},"rotation":{"x":-0.026234041899442674,"y":0.9732415080070496,"z":-0.14441397786140443,"w":-0.17679770290851594},"size":15.859545707702637,"orthographic":false}