{"cameraMode":{"drawMode":0,"name":"Shaded","section":"Shading Mode"},"sceneLighting":false,"audioPlay":false,"sceneViewState":{"showFog":false,"showMaterialUpdate":false,"showSkybox":false,"showFlares":false,"showImageEffects":false,"showParticleSystems":false},"in2DMode":false,"pivot":{"x":-682.1603393554688,"y":-634.5869750976563,"z":-404.41937255859377},"rotation":{"x":0.062127187848091128,"y":0.8537699580192566,"z":0.1047644391655922,"w":-0.5062235593795776},"size":29.349014282226564,"orthographic":false}