{"cameraMode":{"drawMode":0,"name":"Shaded","section":"Shading Mode"},"sceneLighting":false,"audioPlay":false,"sceneViewState":{"showFog":false,"showMaterialUpdate":false,"showSkybox":false,"showFlares":false,"showImageEffects":false,"showParticleSystems":false},"in2DMode":false,"pivot":{"x":0.1326313018798828,"y":1.133050560951233,"z":0.5242186784744263},"rotation":{"x":0.21746131777763368,"y":0.6702930927276611,"z":-0.21584299206733704,"w":0.6759219169616699},"size":3.268709897994995,"orthographic":false}