{"cameraMode":{"drawMode":0,"name":"Shaded","section":"Shading Mode"},"sceneLighting":false,"audioPlay":false,"sceneViewState":{"showFog":false,"showMaterialUpdate":false,"showSkybox":false,"showFlares":false,"showImageEffects":false,"showParticleSystems":false},"in2DMode":false,"pivot":{"x":-0.3779129981994629,"y":6.090169429779053,"z":0.08091497421264649},"rotation":{"x":0.0694475769996643,"y":-0.9074445962905884,"z":0.16596931219100953,"w":0.37970593571662905},"size":14.828210830688477,"orthographic":true}