{"cameraMode":{"drawMode":0,"name":"Shaded","section":"Shading Mode"},"sceneLighting":true,"audioPlay":false,"sceneViewState":{"showFog":true,"showMaterialUpdate":false,"showSkybox":true,"showFlares":true,"showImageEffects":true,"showParticleSystems":true},"in2DMode":false,"pivot":{"x":860.3125610351563,"y":461.6175231933594,"z":415.1836242675781},"rotation":{"x":0.20646965503692628,"y":-0.06950356066226959,"z":0.01470518670976162,"w":0.9758706092834473},"size":9.211121559143067,"orthographic":true}